nieuwe straatnaam,oude straatnamen
Abdijkaai,
Acacialaan,
Adolf Bayerlaan,
Albert Caulletwandeling,
Albert Einsteinlaan,
Albert Servaeswandeling,
Albijn Van den Abeelelaan,
Alfred Nobellaan,
Ambassadeur Baertlaan,Sint-Cornelisweg
Amsterdamspoortje,
André Devaerelaan,Akkerdreef
Anna Bijnslaan,
Antoon Herbertstraat,
Antoon Vander Plaetsestraat,
Antoon Van Dycklaan,Theysweg 
Antoon Van Dycklaan,
Antoon Van Dycklaan,Cuerenschentweg 
Antoon Van Dycklaan,Lange Koolkapperstraetje 
Antoon Van Dycklaan,Bondgenotenlaan 
Asterlaan,Dalialaan 
Avondzonweg,
Azalealaan,
Baaistraat,Beayestraet
Baaistraat,  
Bad Godesberglaan,Etienne Sabbelaan 
Baggaertshof,OlmekeSint-Jozefshuisjes
Barbes Reke,Impasse Barbe 
Beeklaan,Plantijnlaan
Beekstraat,Beckstrate 
Beekstraat,Beekstraete 
Beekstraat,  
Beekstraat,Karrestraat
Beeldhouwerslaan,
Begijnhof,
Begijnhofstraat,Raepsaetstraet 
Begijnhofstraat,Canesiestraetkin 
Begijnhofstraat,Wyngaertstraetkin 
Begijnhofstraat,dit Canzy 
Begijnhofstraat,Chaussée 
Begijnhofstraat,Kansyestraat 
Begijnhofstraat,Kalsijdestraet 
Begijnhofstraat,du Musée 
Beheerstraat,Gouvernementstraat 
Beheerstraat,Regeeringstraat 
Belfaststraat,Berenstraat 
Beneluxlaan,
Benoits Poortje,
Berkendreef,
Berkenlaan,
Bersacques Poortje,
Bert Willemslaan,
Bessenlaan,
Beukenlaan,
Beverlaai,Beverstraet
Beverlaaihof,Beverlaai
Blekersstraat, Bleekerstraet 
Blekersstraat,Dreve van de Armen
Bloemistenstraat,
Boekweitstraat,Tarwestraat
Boerderijstraat, de la Métairie 
Boerenhol,
Boezingestraat,
Bohemenberg,
Bondgenotenlaan,Geallieerdenlaan
Bosstraat,Elleboogstratken 
Bosstraat,Elleboogstraat of   
Botenkopersstraat,Botekoperssstraat 
Bremlaan,
Broelkaai,Quoddam pratum in Brulio 
Broelkaai,Quai des Tours 
Brugsesteenweg,Cuernestraete
Brugsesteenweg,Tweede gedeelte 
Brugsesteenweg,
Brugsesteenweg,Bruggesteenweg 
Brugsestraat,In vico Brugensi 
Brugsestraat, Brughstrate 
Brugsestraat, Brughstraete 
Brugsestraat,Bruggestraat 
Bruyningpad,
Bruyningstraat,Bruninckstraetgen 
Bruyningstraat,Bruyningstraet
Budastraat,Leiestraat 
Budastraat,Over de Leybrugge 
Budastraat,Leijstraete tusschen beede de brugghen 
Budastraat,Tusschen de Leijebruggen 
Budastraat, des Blanchisseurs 
Burgemeester Coussenspad,
Burgemeester Coussensstraat,
Burgemeester Danneelstraat,Benoit Danneelstraat
Burg. Felix de Bethunelaan,Bleeckersstraet 
Burg. Felix de Bethunelaan,EerdewegJan Bethunelaan 
Burgemeester Gillonlaan,Leopold Gillonlaan 
Burgemeester Mayeurlaan,Arthur Mayeurlaan 
Burgemeester Nolfstraat,Wetstraat 
Burgemeester Nolfstraat,Henri Nolfstraat 
Burgemeester Pyckestraat,Zomerweg of   
Burgemeester Pyckestraat,Pyckensreke 
Burgemeester Pyckestraat,Pyckestraat 
Burgemeester Reynaertstraat, des Grandes Halles 
Burgemeester Reynaertstraat,Hallestraat 
Burgemeester Reynaertstraat,August Reynaertstraat 
Burgemeester Reynaertstraat,Schouwburgplein
Burgemeester Schinkelstraat,BoutrystraatSchinkelstraat 
Burgemeester Tayaertstraat,Tayaertsgat 
Burgemeester Tayaertstraat,Tayaertstraat 
Burgemeester Vercruysselaan,Theysweg
Burgemeester Vercruysselaan,Oostlaan 
Burgemeester Vercruysselaan,Boulevard Julien Liebaert 
Burgemeester Vercruysselaan,Joris Vercuysselaan  
Burgemeester Vercruysselaan,Georges Vercruysselaan  
Cannaertstraat,Kannaertstraat
Cannaertstraat,Cannestraet
Cannaertstraat,Kannestraet
Casinoplein,Casinoplaats 
Casinoplein,Monumentenplaats 
Casinoplein,Place Palfin 
Cederlaan,
Cipreslaan,Cypreslaan 
Condédreef, 
Condédreef,Vannestensdreve
Condédreef,Bleekerstraet 
Condédreef,Verlaan 
Condédreef,Theresia Verlaan 
Conservatoriumplein,Moeskroensestraat 
Dam,Damstraat 
Dam,Damkaai 
Damastweversstraat,
Damkaai,
David Tenierslaan,Tenierslaan 
Deerlijksestraat, 
Deerlijksestraat,Chemin vicinal de deerlijk 
Deerlijksestraat,Deerlyckstraet  
Deerlijksestraat,Deerlijkstraat 
Deken Camerlyncklaan,
Deken Degryselaan,
Deken Jonckheerestraat,
Deken Zegerplein,Zegerplaats 
Deken Zegerplein,Parvis Notre-Dame 
Delacroixstraat,
Dennenlaan,
Diksmuidekaai,
Dirk Martenslaan,Gerard Mercatorlaan 
Doenaertpad,
Dokter Lauwersstraat,
Dokter Peelstraat,Dr. Augustin Peelstraat 
Dokter Snellaertstraat,Dr. Snellaertstraat 
Dokter Thevelinpad ,
Dokter Thevelinstraat,
Dolfijnkaai,Vianestraatje 
Dolfijnkaai,Lombaerdestraetjen 
Dolfijnkaai,Dolfijnstraatje 
Don Boscolaan,Sint-Annadreef 
Doornikselaan,Boulevard de Tournai 
Doornikselaan,DoornikpoortvestingDoorniklaan 
Doorniksesteenweg,
Doorniksesteenweg,
Doorniksesteenweg,Doorniksteenweg
Doorniksestraat,Tournay 
Doorniksestraat,vico de Tornaco 
Doorniksestraat,Doernicstrate 
Doorniksestraat,Doornijckstraete 
Doorniksestraat,Doornikstraat 
Doorniksewijk,Doornyckschenwyck 
Doorniksewijk,Doornikwijkstraat 
Doornstraat,Chemin de la Blanchisserie 
Drieduikersweg,
Dumolinlaan,
Edgar Tinellaan,
Edmond De Praterestraat,Weldadigheidstraat 
Edmond De Praterestraat,Depraeterestraat 
Eikenlaan,
Elfde-julilaan,
Elfde-novemberlaan,Vandaeleplaats
Elleboogstraat,Helleboochstraetkin 
Elleboogstraat,Hunneboutstraetken 
Elleboogstraat,Elleboogstratken
Elsbospad,
Elzenlaan,Elzenlei 
Emiel Clauslaan ,Emile Clauslaan 
Emmanuel Viérinwandeling,
Engelse Wandeling,Avenue de la Caserne 
Engelse Wandeling,Promenade des Anglais 
Engelse Wandeling,Wandeling der Engelsen  
Erasmuslaan,Gillonlaan
Etienne Sabbelaan,Sint-Cornelisweg
Etienne Sabbelaan,Stijn Streuvelslaan 
Evarist Carpentierlaan,
Fabriekskaai,Bisseghemstraete 
Fabriekskaai,Couckuitspoort
Ferdinand Van Eeckhoutstr.,
Filips van de Elzaslaan,
Firmin Deprezlaan,
Frans Kusterslaan,
Frans Vanderlindenlaan,
Fr. Van den Berghewandeling,
Frascatilaan,
Garenstraat,Schuylweg
Garenstraat,Korte Vlasbloemstraat
Gasstraat,
Gentkaai,Gentsche Caye ofte aert van de Leye 
Gentkaai,Gentsche Caye 
Gentkaai,Ghendtsche Caeye 
Gentkaai,Broelkaai
Gentsesteenweg,Heirstratedt 
Gentsesteenweg,Steenweg 
Gentsesteenweg,Gendsche Kalsyde 
Gentsesteenweg,Gentsteenweg 
Gentsesteenweg,voorheen Kortrijksestraat 
Gentsestraat,
Gentsestraat,Gentstraat 
George Minnelaan,Baron Joris Minnelaan
Gerstelaan,
Godfried Devreeselaan,Godefroid Devreeselaan 
Goedendaglaan,
Goed ter Linden,
Gouden-Rivierlaan,Gouden Rivierlaan Kuurne
Graaf Boudewijn IX-laan,Boudewijn IX-laan 
Graaf de Smet de Naeyerlaan,Noordlaande Smet de Naeyerlaan 
Graaf Gewijde van Namenstraat ,Guido Van Namenstraat  Guido Van Namenlaan
Graaf Karel de Goedelaan,Dreve 
Graaf Karel de Goedelaan,Karel de Goedelaan 
Graanmarkt,Korenmarkt 
Graanmarkt,Coernemaerct 
Graanmarkt,Coornemaerct 
Graanmarkt,Coorenmarkt 
Gravin Beatrijslaan,Beatrijslaan 
Greenvillelaan,
Grijze-Zustersstraat,Wijngaertstrat 
Grijze-Zustersstraat,Twijngaertstraetkin
Grijze-Zustersstraat,Oude Wingaertstraete 
Grijze-Zustersstraat,Susterhuysstraeten des Soeurs 
Grijze-Zustersstraat,Zusterstraat 
Grijze-Zustersstraat,Zusterhuisstraat 
Groeningebeluik,
Groeningekaai,
Groeningelaan,Boulevard de Gand à l'exterieur
Groeningepoort,Antoon Goethalslaan 
Groeningepoort,Burgemeester Goethalslaan 
Groeningepoort,Groeningepoort 
Groeningestraat ,in vico Canonicorum 
Groeningestraat ,Canuencstraete 
Groeningestraat ,Groeninghestraete 
Groeningestraat , de l'imperatrice 
Groeningestraat ,O.-L.-Vrouwestraat deel
Grote Kring,Crync 
Grote Kring,Kring 
Grote Markt,Tussen de Lakenhalle en de St. Maartenskerk de Oude Marct 
Grote Markt,Marct of Maerct 
Grote Markt,Grand Place 
Grote Markt,Place Napoléon 
Grote Markt,Place 
Gruzenbergstraat,
Guido Gezellepad,
Guido Gezellestraat, Lombaerde 
Guido Gezellestraat, du Mont de Piète 
Guido Gezellestraat," du lombard, Bergstraat "
Guido Gezellewandeling,
Guldensporenlaan,Oudenaerdsche Heirweg 
Gustaaf Desmetlaan,
Gustaaf Vande Woestijnelaan,
Hadewijchlaan,
Hagedissenstraat,Agedissentraetjen 
Halenplein,
Handboogstraat,Groten straten van den Ouden Casteele 
Handboogstraat,Conventstraete 
Handboogstraat,het houchuus van de Conventstraete 
Handboogstraat,De Oude Casteelstraete 
Handboogstraat,Cannezyewaert 
Handboogstraat,Oude pelderinstraete 
Handboogstraat,Wereltstraetkin 
Handboogstraat,Fonteynstraete of Potterstraete 
Handboogstraat,Fonteijnstraete 
Handelskaai,Koophandelskaai 
Handelskaai,Oversteek 
Harelbeeksestraat,Harelbekestraat 
Havenkaai,
Havermarkt,een deel wordt Schouwburgplein 
Hazelaarstraat,Hazelaerstrate 
Heilige Geeststraat,Nouvelle  
Heilige Geeststraat, St.-Esprit 
Heirweg,Heirstrate naer Brugge 
Heirweg,Brugschenheirweg 
Hendrik Beyaertstraat,Vredestraat 
Hendrik Beyaertstraat,Henri Beyaertstraat 
Hendrik Consciencestraat,Straete van Bortryck naer Rijssel 
Hendrik Consciencestraat,Rysselschen Wyck 
Hendrik Consciencestraat,Consciencestraat 
Hengelaarsstraat,
Herdersstraat,Carriere of Carriereweg 
Herdersstraat,Wandelweg of Chemin de Ronde 
Herdersstraat,Hellestraat 
Herdersstraat,Herderstraat 
Heulebeekstraat,
Hippodroomstraat,
Hoevestraat,Boerderijstraat 
Hof te Walle,
Hoog Mosscher,Het Mosscherstraetkin 
Hoog Mosscher,Dohier de Haute Moscre 
Hoog Mosscher,Goede vanHoeschmosschere 
Hoog Mosscher,Sint - Annaweg 
Hoog Mosscher,Hoog Mosscherdreef 
Hoppad,
Hopstraat,
Hortensialaan,
Houtmarkt,Bordeelstraetkin 
Houtmarkt,Cordelierstraetkin 
Houtmarkt,Bolengierstraetkin 
Houtmarkt,Houtmarct en Beestemarct 
Hoveniersstraat,Ommegangstraat 
Hoveniersstraat,Schuylweg 
Hugo Verriestlaan,
Hyacintenlaan,
Iepersestraat,Iperstraete 
Iepersestraat,Staete van Harelbeke naer Ypren 
Iepersestraat,Oude Yperstraet  of voetweg  
Iepersestraat,Yperweg 
Iepersestraat,Ieperstraat
Ijzerfrontlaan,Oudstrijderslaan 
Ijzerkaai,
Invalidenlaan,
Izegemsestraat,Bruxschen Wech 
Izegemsestraat,Herstrate alsoe men gaet te Yseghem waert 
Izegemsestraat,Herstraete naer Brugghe of Tolstraete 
Izegemsestraat,Iseghemstraete 
Izegemsestraat,Straete van Cortryck naer Brugghe 
Izegemsestraat,Straete van Cortryck naer Yseghem of d'Oude herbane naer Brugge 
Izegemsestraat,Straete van Cortryck naer Heule Waeter-meulens 
Izegemsestraat,Roockerstraete leendende van Cortryck naer Iseghem 
Izegemsestraat,WatermolenstraeteIseghemstraet 
Jakob van Arteveldelaan,Van Arteveldestraat 
Jakob Vandervaetstraat 1981,voorheen Herdersstraat 
Jakob van Maerlantstraat,Van Maerlantstraat 
Jan-Baptist De Jonghestraat,Dejonghestraat 
Jan Bethunehof,
Jan Breydellaan,
Jan Palfijnstraat,
Jan Persijnstraat,Pedersilstreatkin 
Jan Persijnstraat,Peterseliestraat 
Jan van Ruusbroeclaan,
Jan Sabbepad,
Jasmijnenlaan,
Jan Sabbestraat,
Jozef Berteelestraat,
Jozef De Coenewandeling,
Jozef Speybrouckwandeling,
Jozef Demeyerestraat,
Jozef Demeyerepad,
Johanna Amerlinckstraat,
Jozef Vandaleplein,Jozef Vandaleplaats 
Juweliersplein ,
Kaarsengietersstraat,Keersgieterstraat 
Kampstraat,Galgenwegen of   
Kanonstraat ,Klakkaertsstraet 
Kanonstraat ,Canonstraat 
Kapelstraat,Ultra Lysam iuxta vicum Capelle 
Kapelstraat,Capelstrate 
Kapelstraat,Proostyestraete 
Kapelstraat,Prostiestraete 
Kapelstraat,Capel ofte proostdiestratien 
Kapelstraat,Prosdiestraetjen 
Kapelstraat, dit Chapelle 
Kanunnik Maesstraat,
Kapel ter Bede,Meulenweg naer Harelbeke 
Kapel ter Bede,Molenweg en Gaeverweg of   
Kapel ter Bedehof,
Kapittelstraat,Serboenstraetkin 
Kapittelstraat,tcapittelstraetkin 
Kapittelstraat,Hoenderstraetkin 
Kapittelstraat,Capitelstraetien 
Kapucijnenstraat,Broelstraetkin 
Kapucijnenstraat,Broelstraetkin 
Kapucijnenstraat,Capucynenstraetken 
Kapucijnenstraat,Jan Palfijnstraat 
Karmelietenlaan,Carmelietenlaan 
Kastanjeboomlaan,
Kasteelkaai,Quai de Lille 
Kasteelkaai,Risselkaey 
Kasteelkaai,Nieuwe Kaai 
Kasteelstraat ,in vico figulorum 
Kasteelstraat ,Pottersstrate 
Kasteelstraat ,Pottersstraete 
Kasteelstraat ,Pottelstraete 
Kasteelstraat ,Pottelstraete
Kasteelstraat ,Casteelstraete 
Kasteelstraat ,Burchstraete 
Kasteelstraat ,Hooge Kasteelstraete 
Katteputstraat,Katteputweg
Keer der Kleine St-Jansstr.,
Keer der Vlamingenstraat ,dit de Keer 
Keer der Vlamingenstraat ,Tournante 
Kerkweg,
Klakkaardserf,
Klakkaardspad,
Klakkaardsplein,
Klakkaerds Reke,Klakkaards
Klakkaardsreke,
Klaverstraat,
Kleine Iepersestraat,
Kleine Leiestraat,Coreelstuck 
Kleine Leiestraat,Leiestraetkin 
Kleine Leiestraat,
Kleine Leiestraat,FortstraatSplete
Kleine Sint-Jansstraat,
Kleiputstraat,
Koeiekop,
Koestaartstraat,
Kollegestraat,Collegestraat 
Kongoweg,Congoweg 
Koning Albertpark,Leiepark 
Koning Albertpark,Albertparkstraat 
Koning Albertpark,Vuilniskaai 
Koning Albertstraat,Frankrijkstraat 
Koning Albertstraat,Albertstraat 
Koningin Elisabethlaan,Elisabethlaan 
Koningin Elisabethlaan,Elisabethtuin
Koninginnelaan,Koningin Astridlaan 
Koning Leopold III-laan),
Koning Leopold I-straat,Leopoldstraat 
Koning Leopold I-straat,Koning Leopoldstraat 
Konstant Permekelaan,Constant Permekelaan 
Konventstraat,Raedstrate 
Konventstraat,Conventstraete 
Konventstraat,Kloosterstraat 
Konventstraat,Conventstraat 
Koolkappersstraat,Koolkappersstraetje 
Korenbloemlaan,
Korte Kapucijnenstraat,Kapucijnenbeluik 
Korte Steenstraat,Corte Steenstraete 
Korte Steenstraat,Steenstraat
Kortrijk-Haven,
Kortrijksestraat,Heulestrate onder den esch 
Kortrijksestraat,Supra viam de Huele 
Kortrijksestraat,Straetkin alsoe men gaet te Huelewaert 
Kortrijksestraat,Rousselaerstraete 
Kortrijksestraat,Straete naer Heule 
Kortrijksestraat,Heulekalsijde of   
Kortrijksestraat,HeulesteenwegHeulsesteenweg 
Krysantenlaan,Chrysantenlaan 
Kuipersstraat,
Kunstsmedenlaan,
Kuurnsesteenweg,Curnestrate 
Kuurnsesteenweg,Cuernestraete 
Kuurnsesteenweg,Steenwegh van Cortryck naer Cuernebrugge 
Lange-Brugstraat,in vico Longi Pontis 
Lange-Brugstraat,in vico ultra Longum Pontem 
Lange-Brugstraat,in vico dicitur Lanbrugstrate 
Lange-Brugstraat,Langhebrucstrate 
Lange-Brugstraat,Lambrugstrate 
Lange-Brugstraat,Lambrechtstrate 
Lange-Brugstraat,Lambrechtstraete
Lange-Brugstraat,Lambrechtstraete 
Lange-Brugstraat,Lammerick 
Lange-Brugstraat,du Mouton 
Lange-Brugstraat,Schapenstraat 
Lange-Brugstraat,Lambrechtstraat 
Langemeersstraat,in vico dicto Langhemeere 
Langemeersstraat,Strate also men gaet ter Langhemeere waert 
Langemeersstraat,Straetken ten Holleme 
Langemeersstraat,Dollemstraet 
Langemeersstraat,Ollemstraetken
Langemeersstraat,Meulestraete 
Langemeersstraat,du Moulin 
Langemeersstraat,de l'Attelier de Charité 
Langemeersstraat,Vuilstraat 
Langemeersstraat,Molenstraat 
Lange Munteplein,
Lange Steenstraat,in vico dicto Steenstraet 
Lange Steenstraat,in vico Lapideo 
Lange Steenstraat,la de Piere kon dixt le stienstratae 
Lange Steenstraat,Langhesteenstrate 
Leeuw van Vlaanderenlaan,Raikem's Dreve 
Leiegalm,
Leiekant,
Leiestraat,Mansura iacens in vico de Lisa 
Leiestraat,In de leye strate 
Lekkerbeetstraat,Stockelstraetkin 
Lekkerbeetstraat,StockerstrateWeduwenstrate 
Lekkerbeetstraat,Leckerbeetstraetjen 
Lentedreef,
Leo Baekelandlaan,
Leonard Vandorpestraat,
Liefdeweg, 
Lijnwaadstraat,Voetweg 
Lijsterlaan,
Lindenlaan,Lindelei 
Lizernelaan,Lizernelei 
Lode de Boningelaan,
Loncinstraat,
Loodwitstraat,de Céruse 
Loofstraat,
Louis Pasteurlaan,
Louis Robbeplein,Carrefour de Lille of Rijselsewijk 
Louis Robbeplein,Louis Robbeplaats 
Louis Verweestraat,Verweestraat 
Luipaardstraat,Luppaertstraet 
Luipaardstraat,Luypaertstraet
Lupinestraat,
Maandagveld,
Maandagweg,Maendagweg   
Maandagweg,Schietspoele 
Magdalenastraat,Heirstrate
Magdalenastraat,Markestraat 
Maidenheadlaan,
Manpad, 
Manpadstraat,Manpade 
Manpadstraat,Manpat
Manpadstraat, 
Marconilaan,
Marie Curielaan,
Marionetten,
Marionetten,Rollegemse Kalsijde of   
Marionetten,Rollegemsteenweg
Marksesteenweg,Heirstrate van Rijssel 
Marksesteenweg,Marktstraat
Maurits Maeterlincklaan,
Meensesteenweg,Meensesteenweg
Meensestraat,In vico de Bisseghem 
Meensestraat,Bisseghemstrate 
Meensestraat,Bisseghemstraete 
Meensestraat,de Menin 
Meersstraat,Meerschstraat
Meikeversstraat,
Meiweg,Meyeweg of   
Meiweg,Rode Dreef 
Merellaan,
Merkemstraat,
Mimosalaan,
Minister A. De Clercklaan,Minister De Clercklaan 
Minister De Taeyelaan,Alfred De Taeyelaan 
Minister Lefevrelaan,
Minister Liebaertlaan,Oostlaan
Minister Tacklaan,MidiZuidenboulevard 
Minister Tacklaan,ZuidlaanPieter Tacklaan 
Minister Vanden Peereboomlaan,Peereboomlaan 
Modest Huyslaan,
Monseigneur De Haernelaan,
Moorseelsestraat,QYperstraet 
Moorseelsestraat,Chemin de Terre à Gulleghem 
Moorseelsestraat,"Mooselestraet , Oude Yperstraet of  Moorselestraat "
Morgenzon,
Morinnegoed,
Morinnestraat,Morinestraetken 
Morinnestraat,Moorinnestraet of   
Mosselbank,
Munkendoornstraat,
Nachtegaallaan,
Narcissenlaan,
Neder Mosscher,Neder Mosscherstraat 
Nedervijver,
Neringenplein,
Nieuwpoortstraat,
Nieuwstraat,Nyenstraete 
Nieuwstraat,Oude Nieuwstraat 
Nijverheidskaai,Baene of  Waegeweg van Casimirus 
Noordstraat,
Noteboomlaan,
Olmenlaan,
O.-L.-Vrouwestraat,In onser Vrauwen Strate 
O.-L.-Vrouwestraat,In loco dudum appellato Houden Casteel nunc vocato Onse Vrauwestrate 
O.-L.-Vrouwestraat,"Vrauwestraete , O.L.Vrouestraete , Onse L. Vrauwestrate "
Open Veld,
Oude Kasteelstraat,Nieuwe Straete beiden Nieuwen Aerde 
Oude Kasteelstraat,Nieuwe Strate jeghen over den blinde muur van de Castele 
Oude Kasteelstraat,Rechtover de Casteelmuer 
Oude Kasteelstraat,Lage Kasteelstraete 
Oude Kasteelstraat, de Jena 
Oudenaardsesteenweg,Strate van Cortryck nar Sweveghem 
Oudenaardsesteenweg,Steenwegh naer Sweveghem 
Oudenaardsesteenweg,Audenaardschestwg. 
Oudenaardsesteenweg,Oudenaardesteenweg
Oude-Vestingsstraat,Groenestraet  
Oude-Vestingsstraat,Wandeling tussen de Rijsselpoort en Waterpoortjen 
Oude-Vestingsstraat, des vieux Remarts 
Overbekeplein,Curtraci ultra Becam 
Overleiestraat,In vico ultra Lisam 
Overleiestraat,Leystrate 
Overleiestraat,Voorstraete 
Overleiestraat,Rechtestraete 
Overleiestraat,Grootestraete 
Overleiestraat,Basse Ville 
Overleiestraat,Overleie 
Overleiestraat,Guillelmusstraat 
Overleiestraat,Groote Leystraete 
Overleiestraat," Basse Ville , Overleiestraat "
Paleisstraat,
Palmboomlaan,
Pannebakkersstraat,
Panoramaweg,Bellegemscken Voetweg of    
Papenstraat,In vico qui dicitur presbiterorum 
Papenstraat,Papenstraete 
Papenstraat,Priesterstraete 
Papenstraat,Papegaaistraat -  du Perroquet 
Parkietenlaan,Albrecht Rodenbachlaan 
Paschier Lamertijnstraat,
Passionistenlaan,
Pater Beckstraat,
Pater Damiaanpad,
Pater Damiaanstraat,
Pater Davidstraat,Pater Jan Davidstraat 
Patersmotestraat,
Pater Vandeputteplein,
Peereboomstuk,
Pervijzestraat,
Perziklaan,
Peter Benoitstraat,Greffiestraat 
Pieter de Cockelaerestraat,Cokelare straetkin 
Pieter de Cockelaerestraat,Kabelstraetkin 
Pieter de Cockelaerestraat,Cockelaerstraete 
Pieter de Conincklaan,Pieter Deconincklaan 
Pieter Pauwel Rubensplein,Rubensplein 
Pijlstraat, de la Flêche 
Plataanlaan,
Plein ,Esplanade 
Pluimstraat,
Populierenlaan,
Pottelberg,Strate van Tourcoing 
Pottelberg,Route vers Lille 
Pottenbakkershoek,
Potterijstraat,Vuyle Nieuwstraete of Nieuwe Vuylstraet 
Potterijstraat, Neuve du Moulin 
Potterijstraat, de la Poterie 
President Kennedylaan,John Kennedylaan 
President Kennedypark,
President Rooseveltplein,Exercitieplaetse 
President Rooseveltplein,Wapenplaats 
President Rooseveltplein,F.D.Rooseveltplein 
Priester Schrursstraat,
Prinses Marie-Joséplein,Marie - Joséplaats 
Proosdijstraat,
Pypestraat,Schaepdreve 
Pypestraat,Puijpstratjen 
Pypestraat,Groote Pypestraet 
Radijzenstraat,
Ramen,
Ramskapellestraat,
Reepkaai,Quai des Hospices 
Reepkaai,Hospitaalkaai 
Reigersvliet,
Rekollettenstraat,Cloosterstraetken 
Rekollettenstraat,Straetkin alsoe men gaet ter Cloester waert 
Rekollettenstraat,Cloosterstraetken 
Rekollettenstraat,Frére Mineurstraetjen 
Rekollettenstraat,Grauwe Broerstraetkin 
Rekollettenstraat,Recolettestratien 
Rekollettenstraat,Recollettenstraat
Renaat De Rudderlaan,
Rijkswachtstraat,Gendarmeriestraat 
Rijselsestraat,In vico Insulensi 
Rijselsestraat,La  de Lille 
Rijselsestraat,Riselstrate 
Rijselsestraat,Rijselstraat
Ringlaan,
Robert Deltourlaan,
Ronksdreef,Roncksdreve 
Ronksdreef,Rounckxdreve 
Ronksdreef,Valerius De Saedeleerlaan 
Roeland Saverystraat,Rijsselpoortvesting 
Roeland Saverystraat,Savarystraat 
Roggelaan,Roggestratcken 
Roggelaan,Roggestraat  of   
Roggeveld,
Rollegemknokstraat,Elleboogstratken 
Rollegemknokstraat,ElleboogstraatKnokstraat 
Rollegemseweg,Strate naer Corterijck 
Rollegemseweg,Strate van Rolleghem nar Cortryck 
Rollegemseweg,Rolleghemstraete 
Rollegemseweg,Kortrijksche Kalsijde 
Rollegemseweg,Kortrijkstraat 
Rollegemseweg,Schepenhuisstraat 
Rollegemseweg,Rollegemseweg 
Romeinselaan,
Roterijstraat, De Rouissage 
Roterijstraat,Theysweg 
Rozenlaan,
Ruitersweg,
Saint-Cloudlaan,
Schaapsdreef,Schaepdreve of   
Schaapsdreef,Schaapdreef 
Schaekenstraat,
Schepen Duyckstraat,
Schepen Ghyootstraat,
Schepen Lagaestraat,
Scheutistenlaan,
Schietspoelstraat,
Schildersstraat,
Schippersstraat,
Schoolpartje,
Schoorbakkestraat,
Schouwburgplein,Kunststraat 
Schouwburgplein,Schouwburgstraat 
Schouwburgplein,Beestemarct 
Schouwburgplein,Lentemarct 
Schouwburgplein,Comedieplaats 
Schouwburgplein,Havermarkt 
Schouwburgplein,Grote Hallenstraat 
Schouwburgstraat,Zie Schouwburgplein
Schuddevisstraat,Ser Alaert FabelstraetkinAlaerds Fabels Straetkin 
Schuddevisstraat,Sher Halaerds Fabel Straetkin 
Schuddevisstraat,Favereelstraetjen 
Schuddevisstraat,Schuddevischstraetien 
Schuddevisstraat,Stegherstraetken 
Schuddevisstraat,Straetken achter ' t Stegherken Vissenstraatje en  Vissens 
Schuttersstraat,Loodwitstraat 
Schuttersstraat,Huidevetterstraat 
Senator Bossuytstraat,Gaston Bossuytstraat 
Senator Claysstraat,
Senator Coolestraat,Joseph Coolestraat 
Seringlaan,
Simon Stevinstraat,
Sint-Amandslaan,In Vico Johannis Couke 
Sint-Amandslaan,Johannes Couckestraat 
Sint-Amandslaan,Coucstrate 
Sint-Amandslaan,Couckstraetken 
Sint-Amandslaan,Kouckstrate 
Sint-Amandslaan, dit Couckstraete 
Sint-Amandslaan, du Gâteau 
Sint-Amandslaan,Taartestraat 
Sint-Amandsplein,"Vrijdagmarkt  , Place Vrijdagmarkt "
Sint-Amandsplein,"Sint-Amandsplaats , Place Sint-Amand "
Sint-Anna,Lerberchstrate 
Sint-Anna,Strate van Curtricke naer den Lerberchboom 
Sint-Anna,Chemin allant de Courtray a la Creupele 
Sint-Anna,Lerbergstraete 
Sint-Anna,Sint Anna Straete 
Sint-Anna,Sint Annastraet of   
Sint-Annabeluik,
Sint-Antoniusstraat,
Sint-Denijsestraat,Sendenysschestrate 
Sint-Denijsestraat,Sint Denysstraete 
Sint-Denijsestraat,Sint Denijsstraat 
Sint-Denijseweg,Straete van den Evangeliboom naer Cortryck 
Sint-Denijseweg,Sint Denysstraete 
Sint-Denijseweg,Sint Denijsstraat 
Sint-Denijseweg,Sint Denijsweg 
Sint-Elooisdreef,Couckensdreve of   
Sint-Elooisdreef,Sint-Elooidreef 
Sint-Janshof,Cité - St. - Jean 
Sint-Janshof,Sint - Jansbeluik
Sint-Janslaan,"Sint - Jansvestinglaan ,  Boulevard Saint - Jean "
Sint-Jansplein,
Sint-Jansstraat,Sente Jansstrate 
Sint-Jansstraat,Sint - Janstraat 
Sint-Jorisstraat,Roosemarynstraetken 
Sint-Jorisstraat,Strontstraetjen 
Sint-Jorisstraat,Rosemarijnstraat
Sint-Maartenskerkhof,In atrio ecclesie beati Martini 
Sint-Maartenskerkhof,Sente Martins Kerchove 
Sint-Maartenskerkhof,Blendekenskerkhof 
Sint-Maartenskerkhof,Maertens kerckhof
Sint-Maartenskerkstraat,Cuperstraetkin 
Sint-Maartenskerkstraat,Kerkstraete 
Sint-Maartenskerkstraat,Kerkstraat
Sint-Margriete-Houtemlaan,Sioenweg of voetweg  
Sint-Martens-Latemlaan,
Sint-Michielsplein,Area
Sint-Niklaasstraat,St. - Niklaasstraetkin 
Sint-Niklaasstraat,Sente Nicolausstraetkin 
Sint-Rochuslaan,Gieregaardweg of  
Sint-Sebastiaanslaan,Sint-Sebastiaanlaan 
Sionlaan,Sioenweg of voetweg Sioenweg 
Sionlaan,Sionweg 
Sionstraat,Straetkin alsoo men gaet van de Steenpoorte ten Eveldriessche waert 
Sionstraat,Woormstraetje 
Sionstraat,Syoenstraetkin 
Sionstraat,Sioenstraetje 
Slachthuisstraat,
Smokkelpotstraat,Straetkin van de Leerberchboom naer de Populierbusschen 
Smokkelpotstraat,Smokkelpotstraete 
Smokkelpotstraat,Smokkelpotstraat of   
Smokkelpotstraat,Rollegemstraat 
Smokkelpotstraat,Rollegemsestraat 
Sparrenlaan,
Spinnerijkaai,Quai de la Filature 
Spoelberg,
Spoorbermstraat,Spoorwegstraat
Spoorweglaan,Le Rampar 
Spoorweglaan,Neveldriesch 
Spoorweglaan,Ijzerwegvesting of Boulevard du Chemin de Fer 
Spoorweglaan,Ijzerweglaan
Stasegemsesteenweg,Strate van Audenarde nar Corterijck 
Stasegemsesteenweg,De nieuwen herweg van Cortryck naer Audenaerde 
Stasegemsesteenweg,Oudenaerdseheirweg 
Stasegemsesteenweg,Stasegemstraat 
Stasegemsesteenweg,Stasegemsteenweg 
Stasegemsestraat,Oudenaertsche Strateherweg van Cortryck naer Oudenaerde 
Stasegemsestraat,"Oudenaerdscheheirweg , Chemin vinical l' Oudenaerde "
Stasegemsestraat,Stasegemstraat 
Stationsplein,Guldenspoorenplaats 
Stationsplein,Statieplaats 
Stationsstraat,Ijzerwegstraat 
Stationsstraat,Statiestraat 
Steenbakkersstraat,Zwijnstraat
Steenpoort,
Steenstratelaan,Steenstratelei 
Steyts Koer,Impasse Sleerin 
Steyts Koer,
Steytspad,
Stompaertshoek,Chompaertshouc 
Stompaertshoek,Stompaershoek
Stovestraat,Scherbaerdstraetkin 
Stovestraat,Stoefstraet 
Tapijtweversstraat,
Tarwelaan, behoorde vroeger toe tot de RoggestraatTarwestraat 
Tarweveld,"Pieter Bouvetstraat , Van Ghemmertstraat , Jan Mullemstraat ,Gambartstraat , Drukkersstraat , Blanchetstraat"
Tegelbakkerspad,
Tegelbakkersstraat,
Tekenaarslaan,
Ten Akkerdreef,Int Straetkin alsoe gaet ten Ackere waert 
Ten Akkerdreef,Rattekotweg of   
Ten Akkerdreef,Ten Ackeredreef 
Ten Houte,
Ten Houtedreef,Schaepdreve of   
Ten Houtedreef,Ten Houttedreef 
Terhagenstraat,
't Helleke,
Theodoor Sevenslaan,Zoutboerwegel of   
't Hoge,
Thomas Edisonlaan,
Tinnegietersstraat,
Toekomststraat,Doutrelignestraat
Tolstraat,Rijselpoortvesting 
Tolstraat,Tolstraat 
Tolstraat,Roeland Saverystraat 
Tolstraat,  
Touwslagerspad,Zie Touwslagersstraat
Touwslagersstraat,
Trakelweg,
Trompestraat,Trompestraetje 
Trompestraat,Trompetstraat' t Cleijn Broelstraetken 
Tuighuisstraat,Tuinwijkstraat 
Tuinstraat,Weduwenstraete
Tuinstraat,Weverstraete nu Thuynstraetje 
Tuinstraat,Thuynstraete 
Tuinstraat, de la Barrière 
Tulpenlaan,
Twaalfapostelenstraat,Coolmuelenstraetkin 
Twaalfapostelenstraat,Coolinnenstraetkin 
Twaalfapostelenstraat,Coelenmuelne 
Twaalfapostelenstraat,Coolenmuelne 
Twaalfapostelenstraat,Muelestraetken 
Twaalfapostelenstraat,Molenstraat 
Twaalfapostelenstraat,Nieuwe MolenstraatLe Douze 
Twaalfapostelenstraat,Twaalf  Apostelenstraat 
Universiteitslaan,
Vaartstraat,Oude Gentstraat  du Canal 
Valerius De Saedeleerlaan,
Van Ackers Hof,
Vandammebeluik,
Vannestes Reke,Cité Van Neste 
Veemarkt,
Veldstraat,Ommegangstraat
Velghes Poortje,
Vennestraat,Vennestraetken 
Vennestraat,Vennestratken 
Vennestraat,Vennestraete 
Vercruysses Poortje,Dobbelaers Koer
Verkorenhof,
Verplanckes Partje,
Verversstraat,
Verzetskaai,
Vestingsstraat,
Vierschaarstraat,
Violierenlaan,
Vismarkt,Ten Nieuwen Arde 
Vismarkt,De Nieuwen Aard 
Vismarkt,Vismarkt 
Vismarkt,Leyvischmerct 
Vismarkt,Marché au Poisson 
Vismarkt, Vieux Marché aux Poissons 
Visserskaai,
Vlaanderenkaai,
Vlaanderenstraat,
Vlamingenstraat,Op den Neveldriesch in de Vlamincstrate 
Vlamingenstraat,Groenen Bogaertstraete 
Vlamingenstraat,Vlamingstraat
Vlasbloemstraat),Schuylweg of   
Vlaskaai,
Vlaskouter,
Vlasmarkt,De Gaeremarct 
Vlierlaan,
Vogelzanglaan,AccacialaanAcacialaan 
Volksplein,Jozef  WoutersplaatsVolksplaats 
Volksv. De Jaegerelaan,Hofstedenstraat 
Volksv. De Jaegerelaan,Maurits De Jaegerelaan 
Volksv. Tahonstraat,
Voorstraat,In vico Harlebecensis 
Voorstraat,Harelbecstrate 
Voorstraat,Harelbekestraete 
Voorstraat,Oude Harelbeekstraete 
Voorstraat,Voorstraete 
Voorstraat, d' Austerlitz 
Vooruitgangsstraat,Vooruitgangstraat 
Voorzienigheidsstraat,Voorzienigheidstraat
Vredelaan),
Vuurkruiserslaan,Vuurkruisenlaan 
Wagenmakersstraat,Haegestraetje of   
Wagenmakersstraat,des Charrons
Walle,Ter Walle 
Walle,Rollegemse Kalsijde of   
Wallemolenstraat,
Walleweg,Knokstraat 
Wandelingstraat,Marktweg of  
Wandelweg,Allée des Soupirs 
Wandelweg,Parkstraat 
Waterleliestraat,
Watermolenstraat,Voetweg  
Waterpoort,Watterporte 
Watertorenhoek,
Watertorenpad,
Weggevoerdenlaan,Weggevoerdenlaan 
Weggevoerdenlaan,Prosper Pouletlaan 
Weversstraat,Vliederstrate 
Weversstraat,Vlienderstrate 
Weversstraat,Vlienderbecstraetkin 
Weversstraat,Vlienderstraetkin 
Weversstraat,  
Weversstraat,Weverstraat 
Wielewaallaan,
Wijngaardstraat,Bogaertstrate 
Wijngaardstraat,Wingaertstraete 
Wijngaardstraat,Hertestraete 
Wikingerhof,
Wilgenlaan,
Windsorlaan,
Wolvendreef,Wolvenstraat
Wolvenstraat, t Wulvenstratken 
Wolvenstraat,Blekerijweg of   
Zakske,In vico appellato Zac 
Zandbergstraat,
Zandstraat,Route vers Lille 
Zonneborg,
Zonnekeer,
Zonnekring,
Zonnelaan,
Zonnestraal,
Zonnewende,
Zwaluwenlaan,
Zwevegemsestraat,Strate alsoe men gaet te Zweveghemwaert 
Zwevegemsestraat,Zwevegemstrate buuten de Steenpoorte 
Zwevegemsestraat,Zwevegemstraat
Zwingelaarsstraat,
Aalbekekerkstraat,  
Aalbekekerkstraat,Leenvoetweg 
Aalbekekerkstraat,Kerkstraat 
Aalbekeplaats,Plaats 
Allartbosweg,Processiestraetjen 
Allartbosweg,Molenstraat  of   
Ant. Van Vlienderbekestraat,Vandenbulckensweg  of   
Ant. Van Vlienderbekestraat,Olmenstraat 
Ant. Van Vlienderbekestraat,Vlienderbekestraat 
Bergstraat,Straete loopende naar de Plaetse van Rolleghem 
Bijstert,Sparrenstraat
Blauwkasteelstraat,Bourbonstraat of   
Brechtendale,Esdoornstraat
Brumierstraat,Leiestraat 
Brumierstraat,Sinte Theresiaweg of   
Brumierstraat, ook opgenomen in deBrumierstraat
Burgemeester Margostraat,Potijzerstraat  of   
Burgemeester Margostraat,Margostraat 
Busschaertstraat,
Daalberg,Lindestraat
Doomanstraat,Dootmanstraet 
Doomanstraat,Doodmanstraet of  
Draaiweg,Berkenstraat
Fonteinmeers,Wilgenstraat 
Garenwinderstraat,
Kanariestraat ,
Kapelhoekstraat,Gistelstraet 
Kapelhoekstraat,Markestraat of Commerestraat 
Kapelhoekstraat,Kleine Lauwestraat of   
Kleine Lampestraat,
Knokstraat,Luignestraat
Kobbestraat,  
Krugerstraat,Marctweg 
Krugerstraat, Zilverbergweg - Armschoolweg - Korte Rye
Kruisboomstraat,Kalvarieweg of   
Kruisboomstraat,  
Lampestraat,Lerberchstraete 
Lampestraat,Strate van den Lerberchboom nar Leugne 
Lampestraat,CpelstraeteChemin allant de Cpelen 
Lampestraat,Creupelstraete 
Lampestraat,Sint -Annastraat 
Lampestraat, 
Lauwsestraat,Lauwestraat  of   
Ledeganckstraat,Processieweg 
Ledeganckstraat,  
Lijsterstraat,Processieweg 
Lijsterstraat,  
Lijsterstraat,Groeningestraat 
Lijsterstraat,Ledeganckstraat 
Luingnestraat,Schorbekestraete loopende van het schaminkel naer de kercke t'Aalbeke 
Luingnestraat,Straete van den Hoogmolen naer t'Schaminkel 
Luingnestraat,Straete loopende naer den Hooghen Molen 
Luingnestraat,Straete loopende van Cortryck naer Tourcoigne 
Luingnestraat,Tourcoingschestraete 
Luingnestraat, 
Malgrétoutstraat,Strate van Schaminkel nar den Dooman 
Malgrétoutstraat, 
Meibloemstraat,Nys's weg of  Meiweg
Moeskroensesteenweg,Straete van Aelbeke naer Tourcoingne 
Moeskroensesteenweg, de Courtrai à Tourcoing 
Moeskroensesteenweg,Kortrijkstraat 
Moeskroensesteenweg,Kortrijkstraat 
Moeskroensesteenweg, - Plaats - Karel Hoflackstraat 
Moeskroensesteenweg, - Torkonjestraat 
Nachtegaalstraat,Meerschweg of  
Ommegangstraat,Koning Leopold III - Straat 
Oudstrijderslaan,
Papeyedreef ,
Papeyeweg, 
Piro Lannoostraat,Brouckstraetken 
Piro Lannoostraat,Tombrouckstraat  of   
Preisbergstraat,Preshoekstraat of   
Risquons-Toutstraat,Rijselsesteenweg 
Risquons-Toutstraat,Gentsesteenweg
Scheermolenerf,
Schorbeekstraat,Schoorbeek Straete 
Schorbeekstraat,Straete loopende van Sterre naer de Schorbeke 
Schorbeekstraat,Schorbekestraet of  bis 
Steertstraat,Korte Molenweg of   
Sterrebergstraat,Veldweg 
Sterrestraat,
Talpenhoekstraat,Boute's Weg of   
Talpenhoekstraat,Tolpenhoekstraat 
Torkonjestraat,Strate van Tourquonje naer Cortryck 
Torkonjestraat,Straete van Clytgat naer Boondrieschmeulen 
Torkonjestraat,Populierstraete 
Torkonjestraat,Popelierstraete 
Torkonjestraat,Chemin de Aelbeke à Courtrai nommé de Popelierstraete 
Torkonjestraat,Steenweg 
Vijfwegen,Toekomststraat
Vinkenstraat,
Vondelstraat,
Wolverijdreef,Wolfstraete of   
Zevekotestraat,Molenweg of   
Woonwagen,
Aardweg,
Abdijmolenweg,Molenweg 
Abdijmolenweg,Kleine Molenvoetweg Molenweg 
Abdijweg,
Abdis Agnesstraat,
Abdis Erkastraat,
André Demedtslaan,
Andreas Vesaliusstraat,
Apollostraat,
Arenastraat,
Baliestraat,
Barend van Orleystraat,Zie ook Barend van Orlystraat 
Baron J. de Bethunestraat,
Beginnestraat,Van Popelierstraete naer den Meulen 
Beginnestraat,Straete van den Wulfsnock naer den Boondriesch 
Beginnestraat,Begijnestraat  of   
Bergstraat,RollegemstraatRollegemsestraat
Bindersstraat,
Blauwbloemstraat,
Blauwhuisstraat,
Boondriesstraat,
Boothamersstraat,
Brakelstraat,
Brandelweg,Brandelvoetweg of   
Brandelweg,MiddenwegDe weg naar de zwarte gevel
Broeders Van Dalestraat,Jozef Van Dalestraat
Bruyningpad,
Bruyningstraat,
Busschaertstraat,
Cannaertstraat,Kannaertstraat
Cisterciënzerplein,
Cornelusweg,
Cyriel Buyssestraat,
Cyriel Vandermeerschstraat,
Cyriel Verschaevestraat,
Debrabanderestraat,
Deken Debopad,Dirk Martensweg 
Deken Debopad,Dirk MartenslaanDirk Martensvoetweg
Diagorasstraat,
Dirk Boutsstraat,Antoon Van Duyckstraat 
Doenaertpad,
Doenaertstraat,
Dorreberkstraat,
Dokter Vannestestraat,Dr. Arthur Vannestestraat 
Drijversstraat,
Druartstraat,
Edward Vermeulenstraat ,
Engelse Wandeling,
Erasmusvoetweg,
Ernest Dewittestraat,
Felix Timmermansstraat,
Flandrinastraat,
Geeraard Mercatorstraat,
Gerard Davidstraat,David Teniersstraat 
Gladiatorenstraat,Tolenaersdreve 
Gladiatorenstraat,Tollenaarsstraat 
Groeningebosstraat,Groeningestraat 
Groeningebosstraat,Schaapsdreef 
Groningerstraat,
Gymnasiastraat,Gimnasiastraat 
Halewainstraat,Hallewainstuk 
Hans Memlingstraat,
Hekelstraat,
Hektor Casteleinstraat,Joris Van Severenstraat 
Hellestraat,D'Hellestraete 
Hellestraat,Strate loopende van de Oude Smisse Naer de Plaets 
Hellestraat,opgesplitst in Kloosterstraat en Hellestraat 
Hemelrijkstraat,
Herelstraat,
Hermelijnstraat,Ijzerweglaan 
Hermelijnstraat,Spoorweglaan 
Hippensstraat,
Hospitaalweg,Oversteekweg of  Overzetweg 
Hullekenstraat,
Jakob Jordaensstraat,
Jan Gossaertstraat,
Jan Van Eyckstraat,
Jeronimus Boschstraat,
Joanna V. Konstantinopelstraat,
Kaardersstraat,
Kalvariestraat,Vagevuurstraat  of   
Kalvariestraat,Klokkestraat 
Kanunnikenstraat,Kapittelstraat
Karbeelstraat,
Kardinaalstraat,Straete van Cortricke naer Aelbeke 
Kardinaalstraat,Straete lopende van de oude smisse naer Povere Leute 
Kardinaalstraat,Watervalstraet  of   
Karel Vandewoestijnestraat ,
Karel van Manderstraat,Pieter Paul Rubensstraat 
Kasteeldreef,
Keiweg,Puttevynstraetken 
Keiweg,Keistraat of   
Keizerstraat ,Wulfcnockstrate 
Keizerstraat ,Van Boondriesch naer Populierstraete 
Keizerstraat ,Straete naer den Wulfscnock 
Keizerstraat ,Heirstraete naer Marcke Plaetse 
Keizerstraat ,Vagevuurstraat  of   
Keizerstraat ,Keizerstraat 
Keizerstraat , - Zuidelijk deel
Klarenhoek,Canton appelé den Claerenhouck 
Kleine Marktstraat,
Kleine Pontestraat,Straete naer Marckebeek 
Kleine Pontestraat,  
Kloosterstraat,Straete loopende van de Oude Smisse naer de plaets 
Kloosterstraat,Hellestraat  of   
Koedreef,Avenue de l'Hopital 
Koedreef,Kleine Statiestraat 
Koedreef,Kleine Stationsstraat 
Kokuitplein ,
Kraaipoelstraat,
Kristoffel Plantijnstraat,
Lampestraat),Kreupelstraat  of   
Lampestraat),Lantestraat 
Lampestraat),"Louingenstraat , later Luignestraat "
Lampestraat),Sint - Annastraat 
Leempijpstraat,
Leerbergestraat,
Leieweg,
Lemenstraat,
Lieven Bauwensplein,
Lijnzaadstraat,
Lindestuk,Lindestraat 
Loppinstraat,
Marathonweg,
Marionetten,Wallestraete 
Marionetten,Rolleghemsche Kalsijde of  bis 
Marionetten,Wallestraat
Markebekepad,
Markebekestraat,Tholstraete commende van de stadt Cortryck naer de herberghe den Slabbaert 
Markebekestraat,Dronkaertstraat of Herstraet 
Markebekestraat,Kortrijkstraat  
Markebekestraat,Rekkemstraat 
Markebekestraat,Pastoor Slossestraat 
Markebekestraat,Kortrijksestraat 
Markebekestraat, met groot verkeer nr. 
Markekerkstraat,De Dreve 
Markekerkstraat,Kerkdreve of   
Markekerkstraat,Kerkstraat 
Markeplaats,Plaetse van Marcke 
Markeplaats,Plaetse 
Markeplaats,PlaatsMarktplein 
Marktstraat,Straete van Marcke 
Marktstraat,Craeypoelstraete leedende naer den herberg den Slabbaert 
Marktstraat,Straete loopende van de Plaetse naer de herberg den SlabbaertCraeypoelstraete of Craeypuulstraete 
Marktstraat,Marckestraet 
Michel Vandewielestraat,Statiestraat 
Michel Vandewielestraat,Stationstraat 
Monseigneur Callewaertstr.,
Moteweg,
Normanderstraat,
O.-L.-V.-ten-Spiegelestraat,
Olympiadeplein,
Oude Bergstraat,Groenestraat of   
Overzetweg,Bisseghemstraat 
Overzetweg,Bissegemsestraat
Pastoor Slossestraat,
Pastoor Vandommeledreef,Pastorijdreef
Pater Omer Devosstraat,
Pater Vandersteenestraat,
Patriottenplein,
Pestelstraat,
Pieter Breughelstraat,
Pieter Casierstraat,
Pieter Couckstraat,
Pieter Vandeghinstestraat,Peter Benoitstraat 
Pontestraat,Pontenierstraetjen 
Pontestraat,Pontestraete 
Pontestraat,Pontestraat of   
Poortersstraat,
Pottelberg,Strate van Tourcoing 
Pottelberg,Route vers Lille 
Pottelberg,Pottelbergstraat 
Praterieplein,
Preshoekstraat,Strate nar ' t Goet te Nieuwenhove 
Preshoekstraat,Straete van Marcke naer tGoet te Nieuwenhove 
Preshoekstraat,Straet loopende van de Plaets naer ' t Goet te Tollenaers 
Preshoekstraat,Preshouckstraat 
Preshoekstraat,Preshouckstraat of   
President Kennedylaan,
Priester Socquetstraat,E.H. Louis Soquetstraat 
Putmeersstraat,
Rekkemsestraat,Herstrate of Straete van Cortryck nar Ryssel 
Rekkemsestraat,Chemin du Droncart 
Rekkemsestraat,Groote Straete naer Ryssel 
Rekkemsestraat,Erwegh loopende van Curtryck naer Maercke 
Rekkemsestraat,Haerde weg van Cortrick naer Rissel 
Rekkemsestraat,Chemin nommé le Dronkaert 
Rekkemsestraat,Dronkaertstraet of Herstraet  of   
Rekkemsestraat,Reckemstraat 
Rekkemsestraat,Rekkemstraat
Repelstraat,
Rode Dreef,
Rodenburgplein,
Rodenburgstraat,Gravin Beatrijsstraat Aalbekestraat 
Rodenburgstraat, 
Roestaartplein,
Roodhuisplein,
Rootland,Rene Declercqstraat 
Rootmeersstraat,
Sint-Anna,
Sint-Annastraat,Sint - Annestraat of   
Slekkestraat,
Slijtersstraat,
Smokkelpotstraat,Straetkin ven de Leerberchboom naer de populierbusschen 
Smokkelpotstraat,Smokkelpotstraete 
Smokkelpotstraat,Rollegemstraat of   
Smokkelpotstraat,Rollegemsestraat 
Spartacusstraat,
Sperlekestraat,
Spinnersstraat,Brandelvoetweg of   
Steertstraat,Markesteertstraetjen of   
Ter Duinenstraat,
Tiendenbosplein,
Talpenhoekstraat,Calvarieweg of   
Tonnezaadstraat,
Torkonjestraat,Pottelbergstraat en Toerkonjestraat 
Vagevuurstraat,Straete naer den BoondrieschStraetken commende vande Plaetse te Marcke naer den Boondriesch 
Vagevuurstraat,Vagevuurstraat of   
Van Belleghemdreef,De Dreve 
Vannestes Molenstraat,Van Neste Molenstraat of   
Vannestes Molenstraat,Molenstraat 
Veltenstraat,
Verstraat,Ste Anne Wegeling of  Kleine Ste Annevoetweg 
Vlashekkenstraat,
Vlaskapelletjesstraat,Kapellekenstraat 
Vlasvezelstraat,
Vuurkotstraat,
Watervalstraat,Watervalstraete 
Watervalstraat,Straet loopende van de herberg Povere Leute naer de Watervalle 
Watervalstraat,Watervalstraet 
Willem Denyslaan,
Willem Putmanstraat,Albrecht Rodenbachstraat
Witte Bloemstraat,
Wolverijdreef,
Wouterstraat,
Zeusstraat,
Zwingelmolenstraat,Zwingelstraat 
Zwinstraat,Zwynstraete 
Zwinstraat,Zwijnstraetjen of   
Zwinstraat,Zwijnstraat
Buxram,
Doornikserijksweg,Kortrijkstraat
Dottenijseweg,Chemin de Dottignies of    
Dottenijseweg,Dottenijsweg
Driehoven,Chemin des trois fermes of   
Driehoven,Maagdestraat deel
Geitenbergstraat ,Gentenberg of Gyptenberg of   
Graaf d'Huststraat,Chemin du Brule of  
Graaf d'Huststraat,Nieuwstraat 
Hoogplaatsstraat,Ouden Heirweg 
Hoogplaatsstraat,Groenestraat 
Kazernestraat,Chemin de la Planche d'Espierre 
Kazernestraat,Beekstraat 
Koninklijkestraat,Dreve van het Kasteel naer de Kercke 
Koninklijkestraat,Drève du Chateau of   
Koninklijkestraat, Chasse 
Koninklijkestraat,Koningstraat 
Kooigembosstraat,Boschweg of   
Kooigembosstraat,Bosstraat
Kooigemplaats,
Kooigemsestraat,Sint - Denijsstraat 
Landweg,Kerkweg of  
Lentewijk,
Maagdestraat,Maegdestraete 
Maagdestraat, Vierge of   
Molentjesstraat,Maagdelijnestraet of  Pucelle 
Molentjesstraat,Maagdenstraat of   
Molentjesstraat,Molenstraat 
Oude Pastorijstraat,Kerkweg of   
Ronsevaalstraat,Ronchevaelstraete 
Ronsevaalstraat,Rondpaardstraat of  Rond Cheval 
Sarpeweg,Vannestesweg of   
Ten Walledreef,Wallestraat of   
Ten Walledreef,Geitenbergstraat 
Tontestraat, t Tontestraetken dat loopt uut de herstraete naer de Clytberch 
Tontestraat,Tontestraat of   
Uilbosstraat, Uylbosch 
Uilbosstraat,  Uylboschstraet of Voetweg  
Verloren Hof,Nieuwstraat of   
Verloren Hof,Chemin dit Geitenbergstraat
Woonwagen,
Akkerwindestraat,
Beukenstraat,
Bissegemplaats,PlaatsDorpsplein
Bissegemsestraat,Cleene YperstraeteCleene Yperwegh of  deel in Heule werd in  Cleene Iperstraete en in  Yprestraetjen of Ezelstraetevanaf  BissegemstraatIepersestraat 
Bissegemsestraat,Peter Benoitlaan 
Blauwvoetlaan,Albrecht Rodenbachlaan 
Blekerijstraat,
Brouwerijstraat,
Burg.H.De Backerestraat,Burgemeester de Backerestraat
Burg.J.Nuyttensstraat,
Burg.Thiersstraat,
Burg.Vantommestraat,Lindenstraat 
Coolsaetstraat,Nieuwe verkaveling Guilbert Nolf
Daliastraat,Dahliastraat 
Dappaardstraat,Kleine Ieperstraat  
Dappaardstraat,Cleene Iperstraete 
Dappaardstraat,Ieperstraat 
Dappaardstraat,Moorselestraat 
Debustraat,
Dokter Dumortierlaan,Eikenlaan 
Donderbaardstraat,
Doornappelstraat,
Dotterbloemstraat,
Driekerkenstraat,Kerkstraete 
Driekerkenstraat,Kerkstraat of  
Duivekotestraat,Kapellestraat 
Eglantierstraat,Rozenstraat 
Essenstraat,
Gerbodelaan,Oudstrijderslaan 
Ghellinckdreef,Populierendreef 
Gullegemsesteenweg,Straete leedende naer Gulleghemplaetse 
Gullegemsesteenweg,Gulleghemstraet autrefois dit Plas of  Gulleghemsteenweg 
Gullegemsesteenweg,Gulleghemstraat 
Gullegemsesteenweg,Statiestraat 
Gullegemsesteenweg,Stationstraat
Hendrik Dewildestraat,Schoolstraat 
Hendrik Dewildestraat,Remi Vermandelestraat 
Heulsestraat,Straetken vanden Cransvijver nar Bisseghem 
Heulsestraat,Straete leedende van de Neerbeke naer den Losschaert 
Heulsestraat,Heulestraet of  
Hoefbladstraat,
Hoogweg,Kerckenvoetwegh 
Hoogweg,Hoogwegelken of  
Jan Devosstraat,
Jan van Renessestraat,
Jozef Verhaeghestraat,
Kamiel Verlindestraat,Camiel Verlindestraat 
Kanunnik Hespelplein,
Kardinaal Cardijnplein,
Kersouwpad,Kersouwepad 
Kerkvoetweg,Kerkweg of  Kerkvoetweg 
Kerkvoetweg,Vredelaan 
Kerkvoetweg, tot 
Kerselarenstraat,
Klaproospad ,
Kleine Bissegemstraat,
Klokjesbloempad,
Koffiehoekstraat,
Koningin Astridlaan,
Kortrijksevoetweg,Wagenweg 
Kortrijksevoetweg,Martweg of  
Kruiskouter,Veldweg 
Kruiskouter,Veldstraat
Kwade Dries,
Lavendelpad,
Leeuwebekstraat,
Lisbloemstraat,
Lisdoddestraat,Olmenstraat 
Marentakpad,
Masurestraat,Wilgenstraat 
Meensesteenweg,Straete naer Menene 
Meensesteenweg,Heerstraete die gaet van Cortryck naer Meenen 
Meensesteenweg,Steenwegh van Meenen naer Cortryck 
Meensesteenweg,Menensteenweg 
Meensesteenweg,Vroeger rijksweg nr.  Brussel - Duinkerke
Moorseelsestraat,Straete alsoemen gaet te Morsele waert 
Moorseelsestraat,Heerstraete die gaet van Cortryck naer Ipre 
Moorseelsestraat,Straete van Cortryck naer Yper 
Moorseelsestraat,Straete van den Losschaert 
Moorseelsestraat,Straete van Cortryck naer Ipren 
Moorseelsestraat,Straete leedende van de Cleene Ieperstraete naer Cransvijver ende den Losschaert 
Moorseelsestraat,Chemin vinical à Mooselestraat dite d'Oude Iperstrate 
Moorseelsestraat,Chemin de Terre à Gulleghem 
Moorseelsestraat,Kortrijkstraat of   
Moorseelsestraat, - Wandelweg 
Moravie,
Neerbeekstraat,Leiestraat 
Oliemolenstraat,Meersstraat
Oude Gullegemsestraat,Straete leedende naer Gulleghemplaetse 
Oude Gullegemsestraat,Gullegemstraet autrefois dit Plas of   
Pastoor Benaultstraat,
Pastoor Diericklaan,A. De Tayelaan 
Pastoor Sterckstraat,Markestraat
Pastoriekouter,Elfde Julilaan 
Pater Bossuytstraat,Tulpenstraat 
Peperleenstraat,Toekomststraat
Pijnappelstraat,Spoorweglaan 
Pioenpad,
Pyfferoenstraat,Jagerstraat  of   
Ranonkelstraat ,
Remi Vermandelestraat,
Rietput,
Rijmsnoerstraat,Kleine Ieperstraat of   
Rijmsnoerstraat,Guido Gezellestraat
Rootputstraat,Roterijstraat 
Rozemarijnstraat,
Schoonwaterstraat,
Serafijn Vermotelaan,Rubenslaan 
Sint-Omaarsstraat,
Spijkerstraat,
Steurenambachtstraat,
Tientjesstraat,
Trakelweg,
Tuinwijklaan,
Varenstraat,
Vlaswaagplein,StatieplaatsStationsplein
Vrije-Aardstraat,
Waterhoennest,Jagerstraetjen 
Waterhoennest,Marktweg of   
Waterhoennest,Jagerstraat of   
Waterhoennest,Jagerstraat
Waterkerspad,
Wevelgemse Voetweg,Kerkweg of   
Wulverikstraat,Molenweg of   
Wulverikstraat,Molenstraat
Zilverberkenlaan,Berkenlaan 
Zilverschoon,
Zonnekestraat,Straetken Ter Biest 
Zonnekestraat,Ezelstraat of   
Zonnekestraat,Hugo Verriestlaan 
Zuster Parmentierstraat,Nieuwstraat 
Zuster Parmentierstraat,Dweersstraat 
Aardbeziënstraat,Herbeziestraet 
Aardbeziënstraat,  
Aardbeziënstraat,Verlorenstraat 
Aardbeziënstraat,Groenestraat 
Abeeldreef,
Albrecht Rodenbachlaan),
Antoon Van Liedekerkeweg,Warande 
Antoon Van Liedekerkeweg,Warandedreef  of   
Antoon Van Liedekerkeweg,De Clercks Reke 
Antoon Van Liedekerkeweg,Declerckstraat -Loodwitstraat 
Antoon Van Liedekerkeweg,Loodwitreke 
Beiaardstraat,Beyaertstrate 
Beiaardstraat,Raeckestraete 
Beiaardstraat,Beyhaertstraete 
Beiaardstraat,Wittestraat 
Bissegemsestraat,Cleene Iperstraete 
Bissegemsestraat,Yperstraetjen 
Bissegemsestraat,Ezelstraete 
Bissegemsestraat,Kleine Yperstraet of   
Bissegemsestraat,Bissegemstraat 
Blauwpoort,
Bozestraat,Muelestraetkin 
Bozestraat,Boosestraetjen 
Bozestraat,Boozestraete 
Bozestraat, 
Burg. Cattebekestraat,
Disgracht,
Dwarsweg,
Emiel Hullebroecklaan,
Esdoorn,
Gemeenhof,Gemeenhofstraat of  Gemeen Hofstraat 
Goethalslaan,
Groene-Boomgaard,Gemeenhofboschweg of   
Groene-Boomgaard,Marelboschweg of   
Groene-Boomgaard,Groene Boomgaardstraat 
Groenestraat,GroenstraetjeGroenstraat 
Grysperrestraat,Verlorenstraat 
Guido Gezellelaan,
Gullegemsestraat,Gulleghemkouter of  
Gullegemsestraat,Kalsijde van Gulleghem 
Gullegemsestraat,Gullegemstraat 
Hemelweg,
Herfsttij,
Heulebosstraat,Bosstraat 
Heuleplaats,Heule Plaetse of Plaetse van Heule 
Heuleplaats,Plaats
Heulsekasteelstraat,Kasteelstraat 
Hoge Dreef,  
Hoogweide,
Ieperstuk,
Industrielaan,
Izegemsestraat,Bruxschen Wech 
Izegemsestraat,de Herstraete alsoe men gaet te Yseghem waert 
Izegemsestraat,Straete van Cortryck naer Brugghe 
Izegemsestraat,Herstraete naer Brugghe of Tolstraete 
Izegemsestraat,Straete van Cortryck naer Yseghem 
Izegemsestraat,d'Oude herbane naer Brugge 
Izegemsestraat,Straete van Cortryck naer Heule Waeter-meulens 
Izegemsestraat,Roockerstraete leedende van Cortryck naer Iseghem 
Izegemsestraat,Chemin vinical à Lendelede et Iseghem dite de WatermolenstraeteIseghemstraet of   
Jakob Vandervaetstraat,Verbekensreke 
Jakob Vandervaetstraat,Verbekestraat 
Jakob Vandervaetstraat,Molenstraat 
Jakob Vandervaetstraat,Hugo Verrieststraat 
Kleine Iepersestraat,Kleine Ieperstraat 
Koffiestraat,Molendreef  of   
Koffiestraat,Caféstraat 
Koning Boudewijnlaan,Boudewijnlaan 
Koning Leopold II-laan,Leopoldlaan 
Koning Leopold II-laan,Koning Leopoldlaan 
Koorntas,
Kortrijksestraat,Strate alzo men gaet te Leyaerde waert 
Kortrijksestraat,Rousselaerstraete 
Kortrijksestraat,Kortrijkstraet of   
Kortrijksestraat,Kalsijde van Kortrijk 
Kortrijksestraat,Kortrijkstraat 
Kouter,
Kransvijver,Crampsviver 
Kromme Meers,
Kromme Olm,
Laagweide,
Lagaeplein,
Lage Dreef,Wittestraat  of   
Lage Dreef,Leege Dreef 
Lage Dreef,Lege Dreef 
Lenteleven,
Leynvaalsstraat,
Lijsternest,
Losschaert,
Magerstraat,Maegerstraetgen 
Magerstraat,Straete leedende van het Poucke goet naer Cortryck 
Magerstraat,Magerstraet of   
Magerstraat,Magerschapraaistraat 
Meelbesdreef,
Meidoorn,
Mellestraat,Mellestraete 
Mellestraat,Straete leedende van de Kercke naer Sint Antheunis capellekenMellestraet of  
Molenstraat,Zevekoteweg of   
Moorseelsestraat,Zie Moorseelsestraat BissegemGrooten Yperweg of  bis 
Moorseelsestraat,Chemin de Terre à Gulleghem 
Najaar,
Noordlaan,
Oogststraat,Gulleghemstraete 
Oogststraat,Gulleghemstraet of   
Oogststraat,Veldstraat 
Oude Ieperseweg,Strate alzo men gaet te Ypere waert 
Oude Ieperseweg,Strate van Yper naer Corteryck 
Oude Ieperseweg,Grooten Yperweg of   
Oude Ieperseweg,"Ieperstraat , Iepersestraat "
Pachthofstraat,Gemeenhofstraet of   
Pachthofstraat,Boerderijstraat 
Pastorieplein,
Pastoriestraat,Roeselaerstraat of   
Pastoriestraat,Pastorijstraat 
Peperstraat,Peperstraetken 
Peperstraat,Peperstraet of   
Peperstraat,Krakeelstraat
Pieter Verhaeghestraat,Lange Dreef  of   
Pieter Verhaeghestraat,Verhaeghestraat
René Declercqlaan,
Ringlaan,
Roeselaarsestraat,Strate alzo men gaet van Huele te Roeseleere waert 
Roeselaarsestraat,Rousselaerestraete 
Roeselaarsestraat,Roeselaerstraet  of   
Roeselaarsestraat,Roeselarestraat
Schakeldries,
Schoolstraat,
Sentestraat,  
Sentestraat,Sint Katherine Kapelstraat 
Sentestraat,Kapelstraat
Sint-Godelievestraat,Meulenvoetwegh 
Sint-Godelievestraat,Molenweg of   
Sint-Godelievestraat,Nieuwestraat 
Sint-Joblaan,
Sint-Katharinastraat,Kalsijde naer Ste - Cathanina 
Sint-Katharinastraat,Sint - Catherinestraat 
Slagling,
Stadelaan,Slachthuisstraat 
Stadelaan,Vredelaan 
Steenstraat,Steenstraet of   
Steenstraat,Roeselaarestraet 
Stijn Streuvelslaan,Gangsche 
Stijn Streuvelslaan,Zuidstraat 
Stoppel,
Tinekenslaan,Tinekelaan 
't Mezennestje,
't Ranke Riet,
Veldolm,
Vier Linden,Begijnhofstraat of   of Vier Linden 
Vier Linden,Vier Lindenstraat 
Vlaanderenstraat,
Vlasbloemstraat,Zevekoteweg of   
Vlasbloemstraat,Vlasbloem 
Vlaschaard,Vlasschaerd 
Vlasmolenstraat,Lindedreef of   
Vlasmolenstraat,Lindendreef 
Vlasrootstraat,SteenstraatRoterijstraat 
Warande,Warandedreef of   
Warande,Warandestraat 
Waterhoek,
Waterleikens,
Watermolenwal,Watermolenweg of   
Watermolenwal,Bostaardvoetweg 
Watermolenwal,Watermolenstraat
Waterputweg,Waterputweg of   
Winterland,
Wittestraat,Lookerstraete 
Wittestraat,Wittestraet of   
Wouter Schoutstraat,Kapelstraat of   
Wouter Schoutstraat,Steuren Ambachtstraat 
Wouter Schoutstraat,Steuren Ambacht 
Zeger van Heulestraat,Strate also men gaet te Hove te Heule waert 
Zeger van Heulestraat,Hoge Dreef of   
Zeger van Heulestraat,Kleine Harelbekestraat 
Zeger van Heulestraat,Statiestraat 
Zeger van Heulestraat,Harelbekestraat 
Zomertij,
Zuidstraat,Grooten Yperweg of  bis 
Zuidstraat,Ieperstraat
Zwingelaarsstraat,Zwingelaarsstraat 
Argendaalstraat,Meulenstraetken  
Argendaalstraat,Lijckstraetken 
Argendaalstraat,Lijckstraet  of   
Aubettestraat,Hobettestraet  of   
Ballingstraat,
Beekweg,Langenweg  of   
Beerbosstraat,Grote Sint-Denijsstraat 
Bellegemkerkdreef,Kerkdreef of   
Bellegemplaats,Plaats 
Bellegemplaats, met groot verkeer nr. 
Bellegemsestraat,Straete van Belleghem naer Sweveghem 
Bellegemsestraat,Nieuwe Kalsijde  
Bellegemsestraat,Nieuwstraat 
Boskariere,Ballynckstraete 
Boskariere,Bosch Carrière of   
Boskariere,Bosstraat 
Bredenmolenweg,Muelenstraetkin 
Bredenmolenweg,Meulenweg 
Bredenmolenweg,Le Chemin du Vieux - Moulin 
Bredenmolenweg,Bredemolenweg of   
Bredenmolenweg,Katteweg of    gedeelte tussen   en Kaba -ret De Katte
Burg. Vandemeulebroeckestr.,
Doornikserijksweg,Herstrate van Cortryck nar Doornick 
Doornikserijksweg,steenwegh van Cortryck naer DoornickDoornikstraat 
Doornikserijksweg,Kortrijkstraat 
Dottenijsestraat,Puytstratien 
Dottenijsestraat,Kerckenvoetwegh leendende naer Belleghem 
Dottenijsestraat,Chemin de l'hopital of  Dottenijsstraat 
Dries,Lentewijk 
Einde Munkendoornstraat,Eynde Muynckendoornstraet  
Gareelmakersstraat,Klaverstraat 
Groenweg,Groenedreef of   
Grotestraat,Straete naer Dottenys 
Grotestraat,Groote Straete 
Grotestraat,Grand Chemin de Dottignies of    
Hermitagelaan,Nachtegalelaan 
Hoevedreef,Beekweg of  
Ijzerhandstraat,
Jules Baertstraat,Daliastraat 
Kantineweg,Kantinewegelken of   
Kapelweg,Sint - Annaweg of    
Kapelweg,Sint - Annastraat 
Keizerweg ,
Kleine Kannestraat,Jean Marie t'Chyon of   
Kleine Kannestraat,Kannestraat
Klijthofstraat,Peperstraat  of   
Klijthofstraat,Wandelingstraat 
Klijthofstraat, zuidelijk deel
Klompenmakersstraat,Gerstestraat 
Kloosterdreef,
Kortestraat,
Kreupelstraat,Straete naer Sweveghem 
Kreupelstraat,Sweveghemstraet 
Kromwegelke,Keizerweg of  
Kwabrugstraat,Mortagnestraete 
Kwabrugstraat,Straete naer Rolleghem - Straete naer de Quaede BruggheQuaedebrugghestraete 
Kwabrugstraat,Grand Chemin de Dottignies of BW  - Kalottestraet 
Kwabrugstraat,Caloutestraete 
Kwabrugstraat, - Cornilweg of BW  - KwabrugstraetMoeskroenstraat 
Kwademeers,Zwevegembinnenweg of   
Laatste Oordje,Strate van Ste Denys naer Cortryck 
Laatste Oordje,Straete van het Hooge geseyt de Clyte 
Laatste Oordje,Sint - Denijsstraat of   
Labroyeweg,
Leemputstraat,
Leuzestraat,Luyzestraete 
Leuzestraat,Voetwegh naer het Iseren Handt 
Leuzestraat,Straete aen den Belleghem bosch 
Leuzestraat,Luizenstraat 
Leuzestraat,Leuzestraat of  
Mandenmakersstraat,Roggestraat 
Manpad,
Manpadstraat,Manpade 
Manpadstraat,Manpat 
Manpadstraat, 
Mergelstraat,
Mortagnelaan,Rollegemcarriere of   
Munkendoornstraat,Munckdoor
Munkendoornstraat,straete 
Munkendoornstraat,Buckendoornstraete 
Munkendoornstraat,Munckendoornstraete 
Munkendoornstraat,Muynckendornstraet of   
Ooievaarsnest,Menutestraetien 
Ooievaarsnest,Peperstraat of   
Ooievaarsnest,Wandelingstraat 
Perykelstraat,Clapperyestraete leedende van het Wit Huys naer de Capelle te Clyte en ' t Goet te Cantine 
Perykelstraat,Perykelstraete komende vanden steenwegh en loopende naer Sinte Denys 
Perykelstraat, Perykelstraete komende vanden steenwegh en loopende naer de dry Linden op Sinte Denys 
Perykelstraat,Kleine Perykelstraet 
Perykelstraat,Cantinestraet 
Priesteragestraat,Pastoriestraat 
Processiestraat,Processiestraat of   
Processiestraat,Kasteeldreve of   
Puttensweg, 
Rejettestraat,Straete naer Coyghem 
Rejettestraat,Rejetteweg of   
Rollegemsestraat,Nieuwestraat of   
Rollegemsestraat,Rollegemstraat 
Ronsevaalstraat,Oude Aardestraat 
Ronsevaalstraat,Ronchevalstraete 
Ronsevaalstraat,Oudenaerdestraet of    
Roodhuisweg,Roodhuiswegel of   
Roodhuisweg,Sint -Pietersweg 
Sasboslaan,Merellaan en Fazantenlaan 
Sint-Amandsdreef,
Sint-Leonardusstraat,
Sint-Pietersweg,  
Sint-Pietersweg,Hoogwegelken of  
Stadionstraat,
Steenlandermeers,Boelaenstraete of Boelantstraetkin 
Steenlandermeers,Straete van 't Goet te Mortaigne naer 't Oude Hof van Bellegem 
Steenlandermeers,Manpadstraat of   
Steenlandermeers,Veldstraat 
Steenlandermeers,Steenlandermeers 
Straatje,Kerckstraete 
Straatje,Straatjen of   
Straatje,Molenstraetjen of   
Tobergse,Lijsterlaan 
Tonnenmakersstraat,Lauwekeyzers of  Voetweg  
Tonnenmakersstraat,Tarwestraat 
't Rode Paard,
Volksberg,
Walleweg,Walle Straete 
Walleweg,Wallestraat of   
Walleweg,Statiestraat 
Yserbytdreef,Tontestraetken 
Yserbytdreef,Dreef Yserbyt of   
Yserbytdreef,Dreef Ten Akker 
Zwingelhoek,Zwingelweg of   
Woonwagen,
Aalbeeksestraat,  
Aalbeeksestraat,Capellestraet 
Aalbeeksestraat,Aalbekestraat 
Beekweg,Fabriekweg of  
Beekweg,Beekstraat
Begoniapark,
Bellegemseweg,Bellegemstraet of   
Binnenstraat,Straete naer Aelbeke 
Candeléstraat,Straete van Tombrouck naer 't Hooghe en Ronsevael 
Candeléstraat,Straete naer Dottignies 
Candeléstraat,Dottenijsstraat 
Eikendreef,
Einde Munkendoornstraat,Eynde Muynckendoornstraet of   
Elleboogstraat,
Foreststraat,Leenstraete 
Foreststraat,Foreeststraete 
Foreststraat,Moeskroenweg of   
Groene Dreef,Groenestraet of  Dreefstraet 
Hoevedreef,
Kannestraat ,Grote kannestraat of  
Kastanjedreef,
Klijtbergstraat,Waeterstraete 
Klijtbergstraat,Klijtbergstraete of   
Klijtbergstraat,Clytbergh en Clytgat 
Kwabrugstraat,
Lampestraat),Kreupelstraat 
Lampestraat),Lampestraat 
Lampestraat),Kreupelstraat 
Lampestraat),Sint - Annastraat 
Lanteweg,Meulendam 
Lindendreef,
Marksestraat,Marckestraete of   
Marksestraat,Markestraat
Moeskroensestraat,Straetken loopende naer Foreest ghenaempt de Leenstraete 
Moeskroensestraat,Leenstraete 
Moeskroensestraat,Cruusstraete 
Moeskroensestraat,Kwaedebrugstraete of   
Moeskroensestraat,Sentier de Mouscron 
Moeskroensestraat,Zevekootestraat 
Moeskroensestraat,Moeskroenstraat 
Molenkouter,Meulenwegh die van de den meulen westwaert gaet 
Molenkouter,Molenstraetje of   
Molenkouter,Molenstraat
Mortagnestraat, 
Munkendoornstraat,
Oude Aalbeeksestraat,Strate naer de Schreiboom 
Oude Aalbeeksestraat,Marckestraat of   
Oude Bellegemsestraat,Bellegemstraat 
Rode-Beukendreef,Beukendreef 
Rollegemkerkstraat,Marksestraat  of   
Rollegemkerkstraat,Sterreweg of   
Rollegemknokstraat,Elleboogstratken 
Rollegemknokstraat,Kleine Kannestraat of   
Rollegemknokstraat,Knokstraat
Rollegemplaats,Plaetse 
Rollegemseweg,
Rozenpark,
Schreiboomstraat,Straete loopende van Tombrouc naer den Sceijboom 
Schreiboomstraat,  
Schreiboomstraat,Schreiboomstraet
Segersweg, 
Sint-Anna,
Schepenhuisstraat,Wethuisstraat 
Tombroekmolenstraat,Straete van Tombrouck naer de Lerberghstraete 
Tombroekmolenstraat,Tombrouck Molenstraete of   
Tombroekmolenstraat,Molenstraat
Tombroekstraat,Tombrouckstraete of Straete naer Tombrouck 
Tulpenpark,
Walleweg,Eyerstraetken 
Walleweg,Heyestraete 
Walleweg,  
Walleweg,Knokstraat 
Weimeerslaan,
Woonwagen,
Inschrijving zonder adres,
Barend van Orlystraat,Zie ook Barend van Orleystraat
Koning Albertstraat, de France
Albrecht Rodenbachlaan,Albrecht Rodenbachlaan
Antoon Van Liedekerkeweg,Voorzienigheidstraat 
Gullegemsesteenweg,Stationsstraat 
Gullegemsesteenweg,Gullegemsesteenweg 
Michel Vandewielestraat,Stationsstraat 
Kokuitplein,Stationsplein 
Vlaswaagplein,Stationsplein 
Antoon Van Dijcklaan,Van DijcklaanCuerne TheyswegTheysweg
Nieuwe_straat,Oude straat
